{
  "amount": 0.5486815894803913,
  "hour": 0.18030743600675736,
  "cat_id": 0.10483111823196609,
  "one_city": 0.03696264345047473,
  "population_city": 0.021651887748824487
}